ID_USER,EMAIL,COUNTRY,FIRST_NAME,LAST_NAME,ADDRESS,CITY,ZIP,PHONE
242,RoyceLoungeSaga932@outlook.com,France,Royce,Lounge,39 boulevard Anatole France,Saint Denis,93200,0688234733
244,AboubacarVoyage@gmail.com,France,Aboubacar,Magassouba,6 passage machouart,Aubervilliers,93300,0690234735
245,RoyceLoungeTale932@outlook.com,France,Royce,Lounge,39 boulevard Anatole France,Saint Denis,93200,0691234736
246,AboubacarLegend@gmail.com,France,Aboubacar,Magassouba,6 passage machouart,Aubervilliers,93300,0692234737
247,RoyceLoungeMyth932@outlook.com,France,Royce,Lounge,39 boulevard Anatole France,Saint Denis,93200,0693234738
248,AboubacarMyth@gmail.com,France,Aboubacar,Magassouba,6 passage machouart,Aubervilliers,93300,0694234739
250,AboubacarSaga@gmail.com,France,Aboubacar,Magassouba,6 passage machouart,Aubervilliers,93300,0696234741
251,RoyceLoungeOdyssey932@outlook.com,France,Royce,Lounge,39 boulevard Anatole France,Saint Denis,93200,0697234742
252,AboubacarChronicle@gmail.com,France,Aboubacar,Magassouba,6 passage machouart,Aubervilliers,93300,0698234743
253,RoyceLoungeVoyage93@outlook.com,France,Royce,Lounge,39 boulevard Anatole France,Saint Denis,93200,0699234744
254,AboubacarLegend93@gmail.com,France,Aboubacar,Magassouba,6 passage machouart,Aubervilliers,93300,0600234745
255,RoyceLoungeSaga93@outlook.com,France,Royce,Lounge,39 boulevard Anatole France,Saint Denis,93200,0601234746
256,AboubacarMyth93@gmail.com,France,Aboubacar,Magassouba,6 passage machouart,Aubervilliers,93300,0602234747
257,RoyceLoungeEpic93@outlook.com,France,Royce,Lounge,39 boulevard Anatole France,Saint Denis,93200,0603234748
258,AboubacarSaga93@gmail.com,France,Aboubacar,Magassouba,6 passage machouart,Aubervilliers,93300,0604234749
259,RoyceLoungeOdyssey93@outlook.com,France,Royce,Lounge,39 boulevard Anatole France,Saint Denis,93200,0605234750
260,AboubacarChronicle93@gmail.com,France,Aboubacar,Magassouba,6 passage machouart,Aubervilliers,93300,0606234751
261,RoyceLoungeVoyage@outlook.com,France,Royce,Lounge,39 boulevard Anatole France,Saint Denis,93200,0607234752
263,RoyceLoungeSaga@outlook.com,France,Royce,Lounge,39 boulevard Anatole France,Saint Denis,93200,0609234754
265,RoyceLoungeEpic@outlook.com,France,Royce,Lounge,39 boulevard Anatole France,Saint Denis,93200,0611234756
267,RoyceLoungeOdyssey@outlook.com,France,Royce,Lounge,39 boulevard Anatole France,Saint Denis,93200,0613234758
270,AboubacarLegend933@gmail.com,France,Aboubacar,Magassouba,6 passage machouart,Aubervilliers,93300,0616234761
272,AboubacarMyth933@gmail.com,France,Aboubacar,Magassouba,6 passage machouart,Aubervilliers,93300,0618234763